{
  "dimension": 2,
  "N": 24,
  "T": 0.2,
  "dt": 0.0005,
  "method": "etdrk4",
  "scenarios": {
    "A2D": {
      "status": "FinalTime",
      "wall_time_s": 0.6798484325408936,
      "final_t": 0.20000000000000015,
      "E_final": 0.0007106400247174878,
      "E_ratio": 0.5637186457514244,
      "mass_relative_change": 1.1276841931806558e-05,
      "spectral_entropy": 0.05507237291462721,
      "ed_complexity": 0.006927948142053645,
      "anisotropy_spectral": 3.0388482647836697e-18,
      "anisotropy_geometric": 0.13744274728566253,
      "filamentarity": 0.4591292792300181,
      "horizon_max_proximity": 0.16375999945452946,
      "R_grad": 0.8325237152071079,
      "R_pen": 0.1674762845083661,
      "R_part": 2.8452606140750124e-10,
      "n_pos_violations": 0,
      "n_cap_violations": 0
    },
    "B2D": {
      "status": "FinalTime",
      "wall_time_s": 0.5805425643920898,
      "final_t": 0.20000000000000015,
      "E_final": 0.005098866629574598,
      "E_ratio": 0.773869448701291,
      "mass_relative_change": 3.349851578948737e-05,
      "spectral_entropy": 0.0713223947399548,
      "ed_complexity": 0.02461386493307492,
      "anisotropy_spectral": 1.0,
      "anisotropy_geometric": 1.0,
      "filamentarity": 0.9999999999999997,
      "horizon_max_proximity": 0.2903234793124727,
      "R_grad": 0.7183882876173399,
      "R_pen": 0.2816117117492344,
      "R_part": 6.334258526264107e-10,
      "n_pos_violations": 0,
      "n_cap_violations": 0
    },
    "C2D": {
      "status": "FinalTime",
      "wall_time_s": 0.6292726993560791,
      "final_t": 0.20000000000000015,
      "E_final": 0.0010627770723078153,
      "E_ratio": 0.5594687386004692,
      "mass_relative_change": 1.8606766194029234e-05,
      "spectral_entropy": 0.48162406048327383,
      "ed_complexity": 0.0053410406255432145,
      "anisotropy_spectral": 0.7458668410533666,
      "anisotropy_geometric": 0.941762741603342,
      "filamentarity": 0.6277431801495305,
      "horizon_max_proximity": 0.20467892268417665,
      "R_grad": 0.720899274668154,
      "R_pen": 0.27910072508456574,
      "R_part": 2.4728018755958855e-10,
      "n_pos_violations": 0,
      "n_cap_violations": 0
    },
    "D2D": {
      "status": "FinalTime",
      "wall_time_s": 0.7402572631835938,
      "final_t": 0.20000000000000015,
      "E_final": 3780801974.1388845,
      "E_ratio": 112588882225.38388,
      "mass_relative_change": 0.013625636959066822,
      "spectral_entropy": 2.3877596789310087,
      "ed_complexity": 0.915470229269477,
      "anisotropy_spectral": 1.978410991478851e-10,
      "anisotropy_geometric": 0.0,
      "filamentarity": 0.638661512375355,
      "horizon_max_proximity": 1.0,
      "R_grad": 0.9780033202357,
      "R_pen": 0.02154139038584432,
      "R_part": 0.00045528937845553346,
      "n_pos_violations": 0,
      "n_cap_violations": 984
    }
  }
}