{
  "records": [
    {
      "ncl": 3,
      "k_pred": 1.7320508075688772,
      "k_emp": 1.7320508075688772,
      "deviation": 0.0
    },
    {
      "ncl": 4,
      "k_pred": 1.4142135623730951,
      "k_emp": 1.4142135623730951,
      "deviation": 0.0
    },
    {
      "ncl": 5,
      "k_pred": 1.1755705045849463,
      "k_emp": 1.1755705045849463,
      "deviation": 0.0
    },
    {
      "ncl": 6,
      "k_pred": 0.9999999999999999,
      "k_emp": 0.9999999999999999,
      "deviation": 0.0
    }
  ],
  "max_deviation": 0.0,
  "all_passed": true,
  "ncl_range": [
    3,
    4,
    5,
    6
  ]
}